,Players,Base Price,TYPE,COST IN â‚¹ (CR.),Cost IN $ (000),2023 Squad,Team
0,Spencer Johnson,5000000,BOWLER,10.0,1200.0,Not Mentioned,Gujrat Titans
1,Shahrukh Khan,4000000,ALL-ROUNDER,7.4,888.0,PBKS,Gujrat Titans
2,Umesh Yadav,20000000,BOWLER,5.8,696.0,KKR,Gujrat Titans
3,Robin Minz,2000000,WICKETKEEPER,3.6,432.0,Not Mentioned,Gujrat Titans
4,Sushant Mishra,2000000,BOWLER,2.2,264.0,Not Mentioned,Gujrat Titans
5,Kartik Tyagi,2000000,BOWLER,0.6,72.0,SRH,Gujrat Titans
6,Azmatullah Omarzai,5000000,ALL-ROUNDER,0.5,60.0,Not Mentioned,Gujrat Titans
7,Manav Suthar,2000000,BOWLER,0.2,24.0,Not Mentioned,Gujrat Titans
8,David Miller,Retained,UNKNOWN,0.0,0.0,Not Mentioned,Gujrat Titans
9,Shubman Gill,Retained,UNKNOWN,0.0,0.0,Not Mentioned,Gujrat Titans
10,Matthew Wade,Retained,UNKNOWN,0.0,0.0,Not Mentioned,Gujrat Titans
11,Wriddhiman Saha,Retained,UNKNOWN,0.0,0.0,Not Mentioned,Gujrat Titans
12,Kane Williamson,Retained,UNKNOWN,0.0,0.0,Not Mentioned,Gujrat Titans
13,Abhinav Manohar,Retained,UNKNOWN,0.0,0.0,Not Mentioned,Gujrat Titans
14,B. Sai Sudharsan,Retained,UNKNOWN,0.0,0.0,Not Mentioned,Gujrat Titans
15,Darshan Nalkande,Retained,UNKNOWN,0.0,0.0,Not Mentioned,Gujrat Titans
16,Vijay Shankar,Retained,UNKNOWN,0.0,0.0,Not Mentioned,Gujrat Titans
17,Jayant Yadav,Retained,UNKNOWN,0.0,0.0,Not Mentioned,Gujrat Titans
18,Rahul Tewatia,Retained,UNKNOWN,0.0,0.0,Not Mentioned,Gujrat Titans
19,Mohammed Shami,Retained,UNKNOWN,0.0,0.0,Not Mentioned,Gujrat Titans
20,Noor Ahmad,Retained,UNKNOWN,0.0,0.0,Not Mentioned,Gujrat Titans
21,R. Sai Kishore,Retained,UNKNOWN,0.0,0.0,Not Mentioned,Gujrat Titans
22,Rashid Khan,Retained,UNKNOWN,0.0,0.0,Not Mentioned,Gujrat Titans
23,Joshua Little,Retained,UNKNOWN,0.0,0.0,Not Mentioned,Gujrat Titans
24,Mohit Sharma,Retained,UNKNOWN,0.0,0.0,Not Mentioned,Gujrat Titans
25,Daryl Mitchell,10000000,ALL-ROUNDER,14.0,1680.0,Not Mentioned,Chennai Super Kings
26,Sameer Rizvi,2000000,BATTER,8.4,1008.0,Not Mentioned,Chennai Super Kings
27,Shardul Thakur,20000000,ALL-ROUNDER,4.0,480.0,KKR,Chennai Super Kings
28,Mustafizur Rahman,20000000,BOWLER,2.0,240.0,DC,Chennai Super Kings
29,Rachin Ravindra,5000000,ALL-ROUNDER,1.8,216.0,Not Mentioned,Chennai Super Kings
30,Avanish Rao Aravelly,2000000,WICKETKEEPER,0.2,24.0,Not Mentioned,Chennai Super Kings
31,MS Dhoni,Retained,UNKNOWN,0.0,0.0,Not Mentioned,Chennai Super Kings
32,Moeen Ali,Retained,UNKNOWN,0.0,0.0,Not Mentioned,Chennai Super Kings
33,Deepak Chahar,Retained,UNKNOWN,0.0,0.0,Not Mentioned,Chennai Super Kings
34,Devon Conway,Retained,UNKNOWN,0.0,0.0,Not Mentioned,Chennai Super Kings
35,Tushar Deshpande,Retained,UNKNOWN,0.0,0.0,Not Mentioned,Chennai Super Kings
36,Shivam Dube,Retained,UNKNOWN,0.0,0.0,Not Mentioned,Chennai Super Kings
37,Ruturaj Gaikwad,Retained,UNKNOWN,0.0,0.0,Not Mentioned,Chennai Super Kings
38,Rajvardhan Hangargekar,Retained,UNKNOWN,0.0,0.0,Not Mentioned,Chennai Super Kings
39,Ravindra Jadeja,Retained,UNKNOWN,0.0,0.0,Not Mentioned,Chennai Super Kings
40,Ajay Mandal,Retained,UNKNOWN,0.0,0.0,Not Mentioned,Chennai Super Kings
41,Mukesh Choudhary,Retained,UNKNOWN,0.0,0.0,Not Mentioned,Chennai Super Kings
42,Matheesha Pathirana,Retained,UNKNOWN,0.0,0.0,Not Mentioned,Chennai Super Kings
43,Ajinkya Rahane,Retained,UNKNOWN,0.0,0.0,Not Mentioned,Chennai Super Kings
44,Shaik Rasheed,Retained,UNKNOWN,0.0,0.0,Not Mentioned,Chennai Super Kings
45,Mitchell Santner,Retained,UNKNOWN,0.0,0.0,Not Mentioned,Chennai Super Kings
46,Simarjeet Singh,Retained,UNKNOWN,0.0,0.0,Not Mentioned,Chennai Super Kings
47,Nishant Sindhu,Retained,UNKNOWN,0.0,0.0,Not Mentioned,Chennai Super Kings
48,Prashant Solanki,Retained,UNKNOWN,0.0,0.0,Not Mentioned,Chennai Super Kings
49,Maheesh Theekshana,Retained,UNKNOWN,0.0,0.0,Not Mentioned,Chennai Super Kings
50,Kumar Kushagra,2000000,WICKETKEEPER,7.2,864.0,Not Mentioned,Delhi Capitals
51,Jhye Richardson,15000000,BOWLER,5.0,600.0,Not Mentioned,Delhi Capitals
52,Harry Brook,20000000,BATTER,4.0,480.0,SRH,Delhi Capitals
53,Sumit Kumar,2000000,ALL-ROUNDER,1.0,120.0,Not Mentioned,Delhi Capitals
54,Shai Hope,7500000,WICKETKEEPER,0.75,90.0,Not Mentioned,Delhi Capitals
55,Tristan Stubbs,5000000,WICKETKEEPER,0.5,60.0,MI,Delhi Capitals
56,Ricky Bhui,2000000,WICKETKEEPER,0.2,24.0,Not Mentioned,Delhi Capitals
57,Rasikh Dar,2000000,BOWLER,0.2,24.0,Not Mentioned,Delhi Capitals
58,Swastik Chhikara,2000000,BATTER,0.2,24.0,Not Mentioned,Delhi Capitals
59,Rishabh Pant,Retained,UNKNOWN,0.0,0.0,Not Mentioned,Delhi Capitals
60,Pravin Dubey,Retained,UNKNOWN,0.0,0.0,Not Mentioned,Delhi Capitals
61,David Warner,Retained,UNKNOWN,0.0,0.0,Not Mentioned,Delhi Capitals
62,Vicky Ostwal,Retained,UNKNOWN,0.0,0.0,Not Mentioned,Delhi Capitals
63,Prithvi Shaw,Retained,UNKNOWN,0.0,0.0,Not Mentioned,Delhi Capitals
64,Anrich Nortje,Retained,UNKNOWN,0.0,0.0,Not Mentioned,Delhi Capitals
65,Abishek Porel,Retained,UNKNOWN,0.0,0.0,Not Mentioned,Delhi Capitals
66,Kuldeep Yadav,Retained,UNKNOWN,0.0,0.0,Not Mentioned,Delhi Capitals
67,Axar Patel,Retained,UNKNOWN,0.0,0.0,Not Mentioned,Delhi Capitals
68,Lungi Ngidi,Retained,UNKNOWN,0.0,0.0,Not Mentioned,Delhi Capitals
69,Lalit Yadav,Retained,UNKNOWN,0.0,0.0,Not Mentioned,Delhi Capitals
70,Khaleel Ahmed,Retained,UNKNOWN,0.0,0.0,Not Mentioned,Delhi Capitals
71,Mitchell Marsh,Retained,UNKNOWN,0.0,0.0,Not Mentioned,Delhi Capitals
72,Ishant Sharma,Retained,UNKNOWN,0.0,0.0,Not Mentioned,Delhi Capitals
73,Yash Dhull,Retained,UNKNOWN,0.0,0.0,Not Mentioned,Delhi Capitals
74,Mukesh Kumar,Retained,UNKNOWN,0.0,0.0,Not Mentioned,Delhi Capitals
75,Mitchell Starc,20000000,BOWLER,24.75,2970.0,Not Mentioned,Kolkata Night Riders
76,Mujeeb Rahman,20000000,BOWLER,2.0,240.0,Not Mentioned,Kolkata Night Riders
77,Sherfane Rutherford,15000000,BATTER,1.5,180.0,Not Mentioned,Kolkata Night Riders
78,Gus Atkinson,10000000,BOWLER,1.0,120.0,Not Mentioned,Kolkata Night Riders
79,Manish Pandey,5000000,BATTER,0.5,60.0,DC,Kolkata Night Riders
80,K.S. Bharat,5000000,WICKETKEEPER,0.5,60.0,GT,Kolkata Night Riders
81,Chetan Sakariya,5000000,BOWLER,0.5,60.0,DC,Kolkata Night Riders
82,Angkrish Raghuvanshi,2000000,BATTER,0.2,24.0,Not Mentioned,Kolkata Night Riders
83,Ramandeep Singh,2000000,ALL-ROUNDER,0.2,24.0,MI,Kolkata Night Riders
84,Sakib Hussain,2000000,BOWLER,0.2,24.0,Not Mentioned,Kolkata Night Riders
85,Nitish Rana,Retained,UNKNOWN,0.0,0.0,Not Mentioned,Kolkata Night Riders
86,Rinku Singh,Retained,UNKNOWN,0.0,0.0,Not Mentioned,Kolkata Night Riders
87,Rahmanullah Gurbaz,Retained,UNKNOWN,0.0,0.0,Not Mentioned,Kolkata Night Riders
88,Shreyas Iyer,Retained,UNKNOWN,0.0,0.0,Not Mentioned,Kolkata Night Riders
89,Jason Roy,Retained,UNKNOWN,0.0,0.0,Not Mentioned,Kolkata Night Riders
90,Sunil Narine,Retained,UNKNOWN,0.0,0.0,Not Mentioned,Kolkata Night Riders
91,Suyash Sharma,Retained,UNKNOWN,0.0,0.0,Not Mentioned,Kolkata Night Riders
92,Anukul Roy,Retained,UNKNOWN,0.0,0.0,Not Mentioned,Kolkata Night Riders
93,Andre Russell,Retained,UNKNOWN,0.0,0.0,Not Mentioned,Kolkata Night Riders
94,Venkatesh Iyer,Retained,UNKNOWN,0.0,0.0,Not Mentioned,Kolkata Night Riders
95,Harshit Rana,Retained,UNKNOWN,0.0,0.0,Not Mentioned,Kolkata Night Riders
96,Vaibhav Arora,Retained,UNKNOWN,0.0,0.0,Not Mentioned,Kolkata Night Riders
97,Varun Chakaravarthy,Retained,UNKNOWN,0.0,0.0,Not Mentioned,Kolkata Night Riders
98,Harshal Patel,20000000,ALL-ROUNDER,11.75,1410.0,RCB,Punjab Kings
99,Rilee Rossouw,20000000,BATTER,8.0,960.0,DC,Punjab Kings
100,Chris Woakes,20000000,ALL-ROUNDER,4.2,504.0,Not Mentioned,Punjab Kings
101,Ashutosh Sharma,2000000,ALL-ROUNDER,0.2,24.0,Not Mentioned,Punjab Kings
102,Vishwanath Pratap Singh,2000000,ALL-ROUNDER,0.2,24.0,Not Mentioned,Punjab Kings
103,Shashank Singh,2000000,ALL-ROUNDER,0.2,24.0,Not Mentioned,Punjab Kings
104,Tanay Thyagarajann,2000000,ALL-ROUNDER,0.2,24.0,Not Mentioned,Punjab Kings
105,Prince Choudhary,2000000,BOWLER,0.2,24.0,Not Mentioned,Punjab Kings
106,Shikhar Dhawan,Retained,UNKNOWN,0.0,0.0,Not Mentioned,Punjab Kings
107,Liam Livingstone,Retained,UNKNOWN,0.0,0.0,Not Mentioned,Punjab Kings
108,Jonny Bairstow,Retained,UNKNOWN,0.0,0.0,Not Mentioned,Punjab Kings
109,Gurnoor Singh Brar,Retained,UNKNOWN,0.0,0.0,Not Mentioned,Punjab Kings
110,Jitesh Sharma,Retained,UNKNOWN,0.0,0.0,Not Mentioned,Punjab Kings
111,Shivam Singh,Retained,UNKNOWN,0.0,0.0,Not Mentioned,Punjab Kings
112,Rahul Chahar,Retained,UNKNOWN,0.0,0.0,Not Mentioned,Punjab Kings
113,Prabhsimran Singh,Retained,UNKNOWN,0.0,0.0,Not Mentioned,Punjab Kings
114,Matthew Short,Retained,UNKNOWN,0.0,0.0,Not Mentioned,Punjab Kings
115,Arshdeep Singh,Retained,UNKNOWN,0.0,0.0,Not Mentioned,Punjab Kings
116,Harpreet Bhatia,Retained,UNKNOWN,0.0,0.0,Not Mentioned,Punjab Kings
117,Harpreet Brar,Retained,UNKNOWN,0.0,0.0,Not Mentioned,Punjab Kings
118,Atharva Taide,Retained,UNKNOWN,0.0,0.0,Not Mentioned,Punjab Kings
119,Vidwath Kaverappa,Retained,UNKNOWN,0.0,0.0,Not Mentioned,Punjab Kings
120,Rishi Dhawan,Retained,UNKNOWN,0.0,0.0,Not Mentioned,Punjab Kings
121,Kagiso Rabada,Retained,UNKNOWN,0.0,0.0,Not Mentioned,Punjab Kings
122,Sam Curran,Retained,UNKNOWN,0.0,0.0,Not Mentioned,Punjab Kings
123,Nathan Ellis,Retained,UNKNOWN,0.0,0.0,Not Mentioned,Punjab Kings
124,Sikandar Raza,Retained,UNKNOWN,0.0,0.0,Not Mentioned,Punjab Kings
125,Devdutt Padikkal,Traded,UNKNOWN,,,Not Mentioned,Lucknow Super Giants
126,Shivam Mavi,5000000,BOWLER,6.4,768.0,GT,Lucknow Super Giants
127,M. Siddharth,2000000,BOWLER,2.4,288.0,Not Mentioned,Lucknow Super Giants
128,David Willey,20000000,ALL-ROUNDER,2.0,240.0,RCB,Lucknow Super Giants
129,Ashton Turner,10000000,BATTER,1.0,120.0,Not Mentioned,Lucknow Super Giants
130,Mohd. Arshad Khan,2000000,ALL-ROUNDER,0.2,24.0,MI,Lucknow Super Giants
131,Arshin Kulkarni,2000000,ALL-ROUNDER,0.2,24.0,Not Mentioned,Lucknow Super Giants
132,KL Rahul,Retained,UNKNOWN,0.0,0.0,Not Mentioned,Lucknow Super Giants
133,Quinton de Kock,Retained,UNKNOWN,0.0,0.0,Not Mentioned,Lucknow Super Giants
134,Nicholas Pooran,Retained,UNKNOWN,0.0,0.0,Not Mentioned,Lucknow Super Giants
135,Ayush Badoni,Retained,UNKNOWN,0.0,0.0,Not Mentioned,Lucknow Super Giants
136,Kyle Mayers,Retained,UNKNOWN,0.0,0.0,Not Mentioned,Lucknow Super Giants
137,Marcus Stoinis,Retained,UNKNOWN,0.0,0.0,Not Mentioned,Lucknow Super Giants
138,Deepak Hooda,Retained,UNKNOWN,0.0,0.0,Not Mentioned,Lucknow Super Giants
139,Ravi Bishnoi,Retained,UNKNOWN,0.0,0.0,Not Mentioned,Lucknow Super Giants
140,Naveen-ul-Haq,Retained,UNKNOWN,0.0,0.0,Not Mentioned,Lucknow Super Giants
141,Krunal Pandya,Retained,UNKNOWN,0.0,0.0,Not Mentioned,Lucknow Super Giants
142,Yudhvir Singh,Retained,UNKNOWN,0.0,0.0,Not Mentioned,Lucknow Super Giants
143,Prerak Mankad,Retained,UNKNOWN,0.0,0.0,Not Mentioned,Lucknow Super Giants
144,Yash Thakur,Retained,UNKNOWN,0.0,0.0,Not Mentioned,Lucknow Super Giants
145,Amit Mishra,Retained,UNKNOWN,0.0,0.0,Not Mentioned,Lucknow Super Giants
146,Mark Wood,Retained,UNKNOWN,0.0,0.0,Not Mentioned,Lucknow Super Giants
147,Mayank Yadav,Retained,UNKNOWN,0.0,0.0,Not Mentioned,Lucknow Super Giants
148,Mohsin Khan,Retained,UNKNOWN,0.0,0.0,Not Mentioned,Lucknow Super Giants
149,Hardik Pandya,Traded,UNKNOWN,,,Not Mentioned,Mumbai Indians
150,Romario Shepherd,Traded,UNKNOWN,,,Not Mentioned,Mumbai Indians
151,Gerald Coetzee,20000000,ALL-ROUNDER,5.0,600.0,Not Mentioned,Mumbai Indians
152,Nuwan Thushara,5000000,BOWLER,4.8,576.0,Not Mentioned,Mumbai Indians
153,Mohammad Nabi,15000000,ALL-ROUNDER,1.5,180.0,Not Mentioned,Mumbai Indians
154,Shreyas Gopal,2000000,BOWLER,0.2,24.0,Not Mentioned,Mumbai Indians
155,Naman Dhir,2000000,ALL-ROUNDER,0.2,24.0,Not Mentioned,Mumbai Indians
156,Anshul Kamboj,2000000,ALL-ROUNDER,0.2,24.0,Not Mentioned,Mumbai Indians
157,Shivalik Sharma,2000000,ALL-ROUNDER,0.2,24.0,Not Mentioned,Mumbai Indians
158,Dilshan Madushanka,5000000,BOWLER,4.6,0.0,Not Mentioned,Mumbai Indians
159,Rohit Sharma,Retained,UNKNOWN,0.0,0.0,Not Mentioned,Mumbai Indians
160,Dewald Brevis,Retained,UNKNOWN,0.0,0.0,Not Mentioned,Mumbai Indians
161,Suryakumar Yadav,Retained,UNKNOWN,0.0,0.0,Not Mentioned,Mumbai Indians
162,Ishan Kishan,Retained,UNKNOWN,0.0,0.0,Not Mentioned,Mumbai Indians
163,Tilak Varma,Retained,UNKNOWN,0.0,0.0,Not Mentioned,Mumbai Indians
164,Tim David,Retained,UNKNOWN,0.0,0.0,Not Mentioned,Mumbai Indians
165,Vishnu Vinod,Retained,UNKNOWN,0.0,0.0,Not Mentioned,Mumbai Indians
166,Arjun Tendulkar,Retained,UNKNOWN,0.0,0.0,Not Mentioned,Mumbai Indians
167,Cameron Green,Traded,UNKNOWN,0.0,0.0,Not Mentioned,Mumbai Indians
168,Shams Mulani,Retained,UNKNOWN,0.0,0.0,Not Mentioned,Mumbai Indians
169,Nehal Wadhera,Retained,UNKNOWN,0.0,0.0,Not Mentioned,Mumbai Indians
170,Jasprit Bumrah,Retained,UNKNOWN,0.0,0.0,Not Mentioned,Mumbai Indians
171,Kumar Kartikeya,Retained,UNKNOWN,0.0,0.0,Not Mentioned,Mumbai Indians
172,Piyush Chawla,Retained,UNKNOWN,0.0,0.0,Not Mentioned,Mumbai Indians
173,Akash Madhwal,Retained,UNKNOWN,0.0,0.0,Not Mentioned,Mumbai Indians
174,Jason Behrendorff,Retained,UNKNOWN,0.0,0.0,Not Mentioned,Mumbai Indians
175,Mayank Dagar,Traded,UNKNOWN,,,Not Mentioned,Royal Challengers Banglore
176,Cameron Green,Traded,UNKNOWN,,,Not Mentioned,Royal Challengers Banglore
177,Alzarri Joseph,10000000,BOWLER,11.5,1380.0,GT,Royal Challengers Banglore
178,Yash Dayal,2000000,BOWLER,5.0,600.0,GT,Royal Challengers Banglore
179,Lockie Ferguson,20000000,BOWLER,2.0,240.0,KKR,Royal Challengers Banglore
180,Tom Curran,15000000,ALL-ROUNDER,1.5,180.0,Not Mentioned,Royal Challengers Banglore
181,Saurav Chuahan,2000000,BATTER,0.2,24.0,Not Mentioned,Royal Challengers Banglore
182,Swapnil Singh,2000000,ALL-ROUNDER,0.2,24.0,LSG,Royal Challengers Banglore
183,Faf du Plessis,Retained,UNKNOWN,0.0,0.0,Not Mentioned,Royal Challengers Banglore
184,Glenn Maxwell,Retained,UNKNOWN,0.0,0.0,Not Mentioned,Royal Challengers Banglore
185,Virat Kohli,Retained,UNKNOWN,0.0,0.0,Not Mentioned,Royal Challengers Banglore
186,Rajat Patidar,Retained,UNKNOWN,0.0,0.0,Not Mentioned,Royal Challengers Banglore
187,Anuj Rawat,Retained,UNKNOWN,0.0,0.0,Not Mentioned,Royal Challengers Banglore
188,Dinesh Karthik,Retained,UNKNOWN,0.0,0.0,Not Mentioned,Royal Challengers Banglore
189,Suyash Prabhudessai,Retained,UNKNOWN,0.0,0.0,Not Mentioned,Royal Challengers Banglore
190,Will Jacks,Retained,UNKNOWN,0.0,0.0,Not Mentioned,Royal Challengers Banglore
191,Mahipal Lomror,Retained,UNKNOWN,0.0,0.0,Not Mentioned,Royal Challengers Banglore
192,Karn Sharma,Retained,UNKNOWN,0.0,0.0,Not Mentioned,Royal Challengers Banglore
193,Manoj Bhandage,Retained,UNKNOWN,0.0,0.0,Not Mentioned,Royal Challengers Banglore
194,Vyshak Vijaykumar,Retained,UNKNOWN,0.0,0.0,Not Mentioned,Royal Challengers Banglore
195,Akash Deep,Retained,UNKNOWN,0.0,0.0,Not Mentioned,Royal Challengers Banglore
196,Mohammed Siraj,Retained,UNKNOWN,0.0,0.0,Not Mentioned,Royal Challengers Banglore
197,Reece Topley,Retained,UNKNOWN,0.0,0.0,Not Mentioned,Royal Challengers Banglore
198,Himanshu Sharma,Retained,UNKNOWN,0.0,0.0,Not Mentioned,Royal Challengers Banglore
199,Rajan Kumar,Retained,UNKNOWN,0.0,0.0,Not Mentioned,Royal Challengers Banglore
200,Avesh Khan,Traded,UNKNOWN,,,Not Mentioned,Rajasthan Royals
201,Rovman Powell,10000000,BATTER,7.4,888.0,DC,Rajasthan Royals
202,Shubham Dubey,2000000,BATTER,5.8,696.0,Not Mentioned,Rajasthan Royals
203,Nandre Burger,5000000,BOWLER,0.5,60.0,Not Mentioned,Rajasthan Royals
204,Tom Kohler-Cadmore,4000000,WICKETKEEPER,0.4,48.0,Not Mentioned,Rajasthan Royals
205,Abid Mushtaq,2000000,ALL-ROUNDER,0.2,24.0,Not Mentioned,Rajasthan Royals
206,Sanju Samson,Retained,UNKNOWN,0.0,0.0,Not Mentioned,Rajasthan Royals
207,Jos Buttler,Retained,UNKNOWN,0.0,0.0,Not Mentioned,Rajasthan Royals
208,Shimron Hetmyer,Retained,UNKNOWN,0.0,0.0,Not Mentioned,Rajasthan Royals
209,Yashasvi Jaiswal,Retained,UNKNOWN,0.0,0.0,Not Mentioned,Rajasthan Royals
210,Dhruv Jurel,Retained,UNKNOWN,0.0,0.0,Not Mentioned,Rajasthan Royals
211,Riyan Parag,Retained,UNKNOWN,0.0,0.0,Not Mentioned,Rajasthan Royals
212,Donovan Ferreira,Retained,UNKNOWN,0.0,0.0,Not Mentioned,Rajasthan Royals
213,Kunal Rathore,Retained,UNKNOWN,0.0,0.0,Not Mentioned,Rajasthan Royals
214,Ravichandran Ashwin,Retained,UNKNOWN,0.0,0.0,Not Mentioned,Rajasthan Royals
215,Kuldeep Sen,Retained,UNKNOWN,0.0,0.0,Not Mentioned,Rajasthan Royals
216,Navdeep Saini,Retained,UNKNOWN,0.0,0.0,Not Mentioned,Rajasthan Royals
217,Prasidh Krishna,Retained,UNKNOWN,0.0,0.0,Not Mentioned,Rajasthan Royals
218,Sandeep Sharma,Retained,UNKNOWN,0.0,0.0,Not Mentioned,Rajasthan Royals
219,Trent Boult,Retained,UNKNOWN,0.0,0.0,Not Mentioned,Rajasthan Royals
220,Yuzvendra Chahal,Retained,UNKNOWN,0.0,0.0,Not Mentioned,Rajasthan Royals
221,Adam Zampa,Retained,UNKNOWN,0.0,0.0,Not Mentioned,Rajasthan Royals
222,Shahbaz Ahmed,Traded,UNKNOWN,,,Not Mentioned,Sunrisers Hyderabad
223,Pat Cummins,20000000,ALL-ROUNDER,20.5,2460.0,Not Mentioned,Sunrisers Hyderabad
224,Travis Head,20000000,BATTER,6.8,816.0,Not Mentioned,Sunrisers Hyderabad
225,Jaydev Unadkat,5000000,BOWLER,1.6,192.0,LSG,Sunrisers Hyderabad
226,Wanindu Hasaranga,15000000,ALL-ROUNDER,1.5,180.0,RCB,Sunrisers Hyderabad
227,Akash Singh,2000000,BOWLER,0.2,24.0,CSK,Sunrisers Hyderabad
228,Jhathavedh Subramanyan,2000000,BOWLER,0.2,24.0,Not Mentioned,Sunrisers Hyderabad
229,Abdul Samad,Retained,UNKNOWN,0.0,0.0,Not Mentioned,Sunrisers Hyderabad
230,Aiden Markram,Retained,UNKNOWN,0.0,0.0,Not Mentioned,Sunrisers Hyderabad
231,Rahul Tripathi,Retained,UNKNOWN,0.0,0.0,Not Mentioned,Sunrisers Hyderabad
232,Glenn Phillips,Retained,UNKNOWN,0.0,0.0,Not Mentioned,Sunrisers Hyderabad
233,Heinrich Klaasen,Retained,UNKNOWN,0.0,0.0,Not Mentioned,Sunrisers Hyderabad
234,Mayank Agarwal,Retained,UNKNOWN,0.0,0.0,Not Mentioned,Sunrisers Hyderabad
235,Anmolpreet Singh,Retained,UNKNOWN,0.0,0.0,Not Mentioned,Sunrisers Hyderabad
236,Upendra Singh Yadav,Retained,UNKNOWN,0.0,0.0,Not Mentioned,Sunrisers Hyderabad
237,Nitish Kumar Reddy,Retained,UNKNOWN,0.0,0.0,Not Mentioned,Sunrisers Hyderabad
238,Abhishek Sharma,Retained,UNKNOWN,0.0,0.0,Not Mentioned,Sunrisers Hyderabad
239,Marco Jansen,Retained,UNKNOWN,0.0,0.0,Not Mentioned,Sunrisers Hyderabad
240,Washington Sundar,Retained,UNKNOWN,0.0,0.0,Not Mentioned,Sunrisers Hyderabad
241,Sanvir Singh,Retained,UNKNOWN,0.0,0.0,Not Mentioned,Sunrisers Hyderabad
242,Bhuvneshwar Kumar,Retained,UNKNOWN,0.0,0.0,Not Mentioned,Sunrisers Hyderabad
243,T Natarajan,Retained,UNKNOWN,0.0,0.0,Not Mentioned,Sunrisers Hyderabad
244,Mayank Markande,Retained,UNKNOWN,0.0,0.0,Not Mentioned,Sunrisers Hyderabad
245,Umran Malik,Retained,UNKNOWN,0.0,0.0,Not Mentioned,Sunrisers Hyderabad
246,Fazalhaq Farooqi,Retained,UNKNOWN,0.0,0.0,Not Mentioned,Sunrisers Hyderabad
247,Karun Nair,5000000,BATTER,,,LSG,Unsold
248,Steve Smith,20000000,BATTER,,,Not Mentioned,Unsold
249,Josh Inglis,20000000,WICKETKEEPER,,,Not Mentioned,Unsold
250,Kusal Mendis,5000000,WICKETKEEPER,,,Not Mentioned,Unsold
251,Philip Salt,15000000,WICKETKEEPER,,,DC,Unsold
252,Josh Hazlewood,20000000,BOWLER,,,RCB,Unsold
253,Akeal Hosein,5000000,BOWLER,,,SRH,Unsold
254,Adil Rashid,20000000,BOWLER,,,SRH,Unsold
255,Mohammad Waqar Salamkheil,5000000,BOWLER,,,Not Mentioned,Unsold
256,Tabraiz Shamsi,5000000,BOWLER,,,Not Mentioned,Unsold
257,Ish Sodhi,7500000,BOWLER,,,Not Mentioned,Unsold
258,Priyansh Arya,2000000,BATTER,,,Not Mentioned,Unsold
259,Rohan Kunnummal,2000000,BATTER,,,Not Mentioned,Unsold
260,Manan Vohra,2000000,BATTER,,,LSG,Unsold
261,Raj Angad Bawa,2000000,ALL-ROUNDER,,,PBKS,Unsold
262,Sarfaraz Khan,2000000,ALL-ROUNDER,,,DC,Unsold
263,Vivrant Sharma,2000000,ALL-ROUNDER,,,SRH,Unsold
264,Atit Sheth,2000000,ALL-ROUNDER,,,Not Mentioned,Unsold
265,Hrithik Shokeen,2000000,ALL-ROUNDER,,,MI,Unsold
266,Urvil Patel,2000000,WICKETKEEPER,,,GT,Unsold
267,Vishnu Solanki,2000000,WICKETKEEPER,,,Not Mentioned,Unsold
268,Ishan Porel,2000000,BOWLER,,,Not Mentioned,Unsold
269,Kuldip Yadav,2000000,BOWLER,,,RR,Unsold
270,Murgan Ashwin,2000000,BOWLER,,,RR,Unsold
271,Pulkit Narang,2000000,BOWLER,,,Not Mentioned,Unsold
272,Shiva Singh,2000000,BOWLER,,,Not Mentioned,Unsold
273,Finn Allen,7500000,BATTER,,,RCB,Unsold
274,Alick Athanaze,5000000,BATTER,,,Not Mentioned,Unsold
275,Mark Chapman,5000000,BATTER,,,Not Mentioned,Unsold
276,Samuel Hain,5000000,BATTER,,,Not Mentioned,Unsold
277,Reeza Hendricks,5000000,BATTER,,,Not Mentioned,Unsold
278,Brandon King,5000000,BATTER,,,Not Mentioned,Unsold
279,Colin Munro,15000000,BATTER,,,Not Mentioned,Unsold
280,Rassie Van Der Dussen,20000000,BATTER,,,Not Mentioned,Unsold
281,James Vince,20000000,BATTER,,,Not Mentioned,Unsold
282,Ibrahim Zadran,5000000,BATTER,,,Not Mentioned,Unsold
283,Najibullah Zadran,5000000,BATTER,,,Not Mentioned,Unsold
284,Sean Abbott,20000000,ALL-ROUNDER,,,Not Mentioned,Unsold
285,Ashton Agar,10000000,ALL-ROUNDER,,,Not Mentioned,Unsold
286,Wesley Agar,5000000,ALL-ROUNDER,,,Not Mentioned,Unsold
287,Qais Ahamad,5000000,ALL-ROUNDER,,,Not Mentioned,Unsold
288,Rehan Ahmed,5000000,ALL-ROUNDER,,,Not Mentioned,Unsold
289,Fabian Allen,7500000,ALL-ROUNDER,,,Not Mentioned,Unsold
290,Charith Asalanka,5000000,ALL-ROUNDER,,,Not Mentioned,Unsold
291,Michael Bracewell,10000000,ALL-ROUNDER,,,RCB,Unsold
292,Brydon Carse,5000000,ALL-ROUNDER,,,Not Mentioned,Unsold
293,Ben Cutting,5000000,ALL-ROUNDER,,,Not Mentioned,Unsold
294,Matthew Forde,5000000,ALL-ROUNDER,,,Not Mentioned,Unsold
295,George Garton,5000000,ALL-ROUNDER,,,Not Mentioned,Unsold
296,Jason Holder,15000000,ALL-ROUNDER,,,RR,Unsold
297,George Linde,5000000,ALL-ROUNDER,,,Not Mentioned,Unsold
298,Keshav Maharaj,5000000,ALL-ROUNDER,,,Not Mentioned,Unsold
299,Wiaan Mulder,5000000,ALL-ROUNDER,,,Not Mentioned,Unsold
300,James Neesham,15000000,ALL-ROUNDER,,,Not Mentioned,Unsold
301,Jamie Overton,20000000,ALL-ROUNDER,,,Not Mentioned,Unsold
302,Keemo Paul,7500000,ALL-ROUNDER,,,Not Mentioned,Unsold
303,Dwaine Pretorius,10000000,ALL-ROUNDER,,,CSK,Unsold
304,Daniel Sams,15000000,ALL-ROUNDER,,,LSG,Unsold
305,Dasun Shanaka,5000000,ALL-ROUNDER,,,GT,Unsold
306,Matthew Short,5000000,ALL-ROUNDER,,,Not Mentioned,Unsold
307,Odean Smith,5000000,ALL-ROUNDER,,,GT,Unsold
308,Hanuma Vihari,5000000,ALL-ROUNDER,,,Not Mentioned,Unsold
309,Sam Billings,10000000,WICKETKEEPER,,,Not Mentioned,Unsold
310,Johnson Charles,5000000,WICKETKEEPER,,,Not Mentioned,Unsold
311,Ben Duckett,20000000,WICKETKEEPER,,,Not Mentioned,Unsold
312,Varun Aaron,5000000,BOWLER,,,Not Mentioned,Unsold
313,Fareed Ahmad,5000000,BOWLER,,,Not Mentioned,Unsold
314,Taskin Ahmed,7500000,BOWLER,,,Not Mentioned,Unsold
315,Dushmanta Chameera,5000000,BOWLER,,,Not Mentioned,Unsold
316,Ben Dwarshuis,5000000,BOWLER,,,Not Mentioned,Unsold
317,Richard Gleeson,5000000,BOWLER,,,Not Mentioned,Unsold
318,Matt Henry,7500000,BOWLER,,,Not Mentioned,Unsold
319,Md Shoriful Islam,5000000,BOWLER,,,Not Mentioned,Unsold
320,Kyle Jamieson,10000000,BOWLER,,,CSK,Unsold
321,Chris Jordan,15000000,BOWLER,,,MI,Unsold
322,Siddharth Kaul,5000000,BOWLER,,,RCB,Unsold
323,Lahiru Kumara,5000000,BOWLER,,,Not Mentioned,Unsold
324,Obed Mccoy,5000000,BOWLER,,,RR,Unsold
325,Riley Meredith,10000000,BOWLER,,,MI,Unsold
326,Tymal Mills,15000000,BOWLER,,,Not Mentioned,Unsold
327,Adam Milne,10000000,BOWLER,,,CSK,Unsold
328,Lance Morris,7500000,BOWLER,,,Not Mentioned,Unsold
329,Blessing Muzarabani,5000000,BOWLER,,,Not Mentioned,Unsold
330,Richard Ngarava,5000000,BOWLER,,,Not Mentioned,Unsold
331,Wayne Parnell,10000000,BOWLER,,,RCB,Unsold
332,Ollie Robinson,7500000,BOWLER,,,Not Mentioned,Unsold
333,George Scrimshaw,5000000,BOWLER,,,Not Mentioned,Unsold
334,Tim Southee,15000000,BOWLER,,,KKR,Unsold
335,Barinder Sran,5000000,BOWLER,,,Not Mentioned,Unsold
336,Billy Stanlake,7500000,BOWLER,,,Not Mentioned,Unsold
337,Olly Stone,7500000,BOWLER,,,Not Mentioned,Unsold
338,Oshane Thomas,5000000,BOWLER,,,Not Mentioned,Unsold
339,Sandeep Warrier,5000000,BOWLER,,,MI,Unsold
340,Lizaad Williams,5000000,BOWLER,,,Not Mentioned,Unsold
341,Luke Wood,5000000,BOWLER,,,Not Mentioned,Unsold
342,Dinesh Bana,2000000,BATTER,,,Not Mentioned,Unsold
343,Rajat Dey,2000000,BATTER,,,Not Mentioned,Unsold
344,Abhimanyu Easwaran,2000000,BATTER,,,Not Mentioned,Unsold
345,Rithik Easwaran,2000000,BATTER,,,Not Mentioned,Unsold
346,Chirag Gandhi,2000000,BATTER,,,Not Mentioned,Unsold
347,Nikhil Gangta,2000000,BATTER,,,Not Mentioned,Unsold
348,Sudip Gharami,2000000,BATTER,,,Not Mentioned,Unsold
349,Ansh Gosai,2000000,BATTER,,,Not Mentioned,Unsold
350,Azim Kazi,2000000,BATTER,,,Not Mentioned,Unsold
351,Amandeep Khare,2000000,BATTER,,,Not Mentioned,Unsold
352,Ankit Kumar,2000000,BATTER,,,Not Mentioned,Unsold
353,Bhupen Lalwani,2000000,BATTER,,,Not Mentioned,Unsold
354,Pukhraj Mann,2000000,BATTER,,,Not Mentioned,Unsold
355,Tanmay Mishra,2000000,BATTER,,,Not Mentioned,Unsold
356,Salman Nizar,2000000,BATTER,,,Not Mentioned,Unsold
357,Priyank Panchal,2000000,BATTER,,,Not Mentioned,Unsold
358,Akshat Raghuwanshi,2000000,BATTER,,,Not Mentioned,Unsold
359,Ekant Sen,2000000,BATTER,,,Not Mentioned,Unsold
360,Subhranshu Senapati,2000000,BATTER,,,CSK,Unsold
361,Naushad Shaikh,2000000,BATTER,,,Not Mentioned,Unsold
362,Dhruv Shorey,2000000,BATTER,,,Not Mentioned,Unsold
363,Himmat Singh,2000000,BATTER,,,Not Mentioned,Unsold
364,Virat Singh,2000000,BATTER,,,Not Mentioned,Unsold
365,Shashank Singh,2000000,BATTER,,,Not Mentioned,Unsold
366,Sumeet Verma,2000000,BATTER,,,Not Mentioned,Unsold
367,P.A. Abdul,2000000,ALL-ROUNDER,,,RR,Unsold
368,Murugan Abhishek,2000000,ALL-ROUNDER,,,Not Mentioned,Unsold
369,Atharva Ankolekar,2000000,ALL-ROUNDER,,,Not Mentioned,Unsold
370,Baba Aparajith,2000000,ALL-ROUNDER,,,Not Mentioned,Unsold
371,Jass Inder Baidwan,2000000,ALL-ROUNDER,,,Not Mentioned,Unsold
372,Corbin Bosch,3000000,ALL-ROUNDER,,,Not Mentioned,Unsold
373,Rahul Buddhi,2000000,ALL-ROUNDER,,,Not Mentioned,Unsold
374,Vaisakh Chandran,2000000,ALL-ROUNDER,,,Not Mentioned,Unsold
375,Writtick Chatterjee,2000000,ALL-ROUNDER,,,Not Mentioned,Unsold
376,Raj Chaudhary,2000000,ALL-ROUNDER,,,Not Mentioned,Unsold
377,Ravi Chauhan,2000000,ALL-ROUNDER,,,Not Mentioned,Unsold
378,Ashwin Das,2000000,ALL-ROUNDER,,,Not Mentioned,Unsold
379,Aarya Desai,2000000,ALL-ROUNDER,,,KKR,Unsold
380,Vineet Dhankhar,2000000,ALL-ROUNDER,,,Not Mentioned,Unsold
381,Harsh Dubey,2000000,ALL-ROUNDER,,,Not Mentioned,Unsold
382,Prerit Dutta,2000000,ALL-ROUNDER,,,Not Mentioned,Unsold
383,Jake Fraser-Mcgurk,2000000,ALL-ROUNDER,,,Not Mentioned,Unsold
384,Shubhang Hegde,2000000,ALL-ROUNDER,,,Not Mentioned,Unsold
385,Benny Howell,4000000,ALL-ROUNDER,,,Not Mentioned,Unsold
386,Saransh Jain,2000000,ALL-ROUNDER,,,Not Mentioned,Unsold
387,Duan Jansen,2000000,ALL-ROUNDER,,,MI,Unsold
388,Mohammad Kaif,2000000,ALL-ROUNDER,,,Not Mentioned,Unsold
389,Aman Khan,2000000,ALL-ROUNDER,,,DC,Unsold
390,Mohd Arslan Khan,2000000,ALL-ROUNDER,,,Not Mentioned,Unsold
391,Musheer Khan,2000000,ALL-ROUNDER,,,Not Mentioned,Unsold
392,Tanush Kotian,2000000,ALL-ROUNDER,,,Not Mentioned,Unsold
393,Manvanth Kumar,2000000,ALL-ROUNDER,,,Not Mentioned,Unsold
394,Saurabh Kumar,2000000,ALL-ROUNDER,,,Not Mentioned,Unsold
395,Dev Lakra,2000000,ALL-ROUNDER,,,Not Mentioned,Unsold
396,Nasir Lone,2000000,ALL-ROUNDER,,,Not Mentioned,Unsold
397,Kaushik Maity,2000000,ALL-ROUNDER,,,Not Mentioned,Unsold
398,Divij Mehra,2000000,ALL-ROUNDER,,,Not Mentioned,Unsold
399,Mani Sankar Mura Singh,2000000,ALL-ROUNDER,,,Not Mentioned,Unsold
400,Kamlesh Nagarkoti,3000000,ALL-ROUNDER,,,DC,Unsold
401,Sanjay Pahal,2000000,ALL-ROUNDER,,,Not Mentioned,Unsold
402,Jitender Pal,2000000,ALL-ROUNDER,,,Not Mentioned,Unsold
403,Saumy Pandey,2000000,ALL-ROUNDER,,,Not Mentioned,Unsold
404,Ansh Patel,2000000,ALL-ROUNDER,,,Not Mentioned,Unsold
405,Sairaj Patil,2000000,ALL-ROUNDER,,,Not Mentioned,Unsold
406,Pradosh Paul,2000000,ALL-ROUNDER,,,Not Mentioned,Unsold
407,Shubham Singh Pundir,2000000,ALL-ROUNDER,,,Not Mentioned,Unsold
408,Atal Rai,2000000,ALL-ROUNDER,,,Not Mentioned,Unsold
409,Abhimanyusingh Rajput,2000000,ALL-ROUNDER,,,Not Mentioned,Unsold
410,Mohit Rathee,2000000,ALL-ROUNDER,,,PBKS,Unsold
411,Ninad Rathva,2000000,ALL-ROUNDER,,,Not Mentioned,Unsold
412,Rohit Rayudu,2000000,ALL-ROUNDER,,,Not Mentioned,Unsold
413,Aniketh Reddy,2000000,ALL-ROUNDER,,,Not Mentioned,Unsold
414,Mohit Redkar,2000000,ALL-ROUNDER,,,Not Mentioned,Unsold
415,Jalaj Saxena,4000000,ALL-ROUNDER,,,Not Mentioned,Unsold
416,Akash Sengupta,2000000,ALL-ROUNDER,,,Not Mentioned,Unsold
417,Suryansh Shedge,2000000,ALL-ROUNDER,,,Not Mentioned,Unsold
418,Aradhya Shukla,2000000,ALL-ROUNDER,,,Not Mentioned,Unsold
419,Utkarsh Singh,2000000,ALL-ROUNDER,,,Not Mentioned,Unsold
420,Prenelan Subrayen,2000000,ALL-ROUNDER,,,Not Mentioned,Unsold
421,Ravi Teja,2000000,ALL-ROUNDER,,,Not Mentioned,Unsold
422,Akash Vashisht,2000000,ALL-ROUNDER,,,Not Mentioned,Unsold
423,David Wiese,10000000,ALL-ROUNDER,,,KKR,Unsold
424,Mohit Ahlawat,2000000,WICKETKEEPER,,,Not Mentioned,Unsold
425,G. Ajitesh,2000000,WICKETKEEPER,,,Not Mentioned,Unsold
426,L.R. Chethan,2000000,WICKETKEEPER,,,Not Mentioned,Unsold
427,Gourav Choudhary,2000000,WICKETKEEPER,,,Not Mentioned,Unsold
428,Harvik Desai,2000000,WICKETKEEPER,,,Not Mentioned,Unsold
429,Shakir Gandhi,2000000,WICKETKEEPER,,,Not Mentioned,Unsold
430,Sumit Ghadigaonkar,2000000,WICKETKEEPER,,,Not Mentioned,Unsold
431,Baba Indrajith,2000000,WICKETKEEPER,,,Not Mentioned,Unsold
432,Bhagmender Lather,2000000,WICKETKEEPER,,,Not Mentioned,Unsold
433,Anmol Malhotra,2000000,WICKETKEEPER,,,Not Mentioned,Unsold
434,Darshan Misal,2000000,WICKETKEEPER,,,Not Mentioned,Unsold
435,Nikhil Naik,2000000,WICKETKEEPER,,,Not Mentioned,Unsold
436,Prasad Pawar,2000000,WICKETKEEPER,,,Not Mentioned,Unsold
437,Mahesh Pithiya,2000000,WICKETKEEPER,,,Not Mentioned,Unsold
438,William Salzmann,2000000,WICKETKEEPER,,,Not Mentioned,Unsold
439,Bipin Saurabh,2000000,WICKETKEEPER,,,Not Mentioned,Unsold
440,B.R. Sharath,2000000,WICKETKEEPER,,,Not Mentioned,Unsold
441,K.L. Shrijith,2000000,WICKETKEEPER,,,Not Mentioned,Unsold
442,Avneesh Sudha,2000000,WICKETKEEPER,,,Not Mentioned,Unsold
443,Aditya Tare,2000000,WICKETKEEPER,,,Not Mentioned,Unsold
444,Nihal Ullal,2000000,WICKETKEEPER,,,Not Mentioned,Unsold
445,K.M Asif,2000000,BOWLER,,,RR,Unsold
446,Mohit Avasthi,2000000,BOWLER,,,Not Mentioned,Unsold
447,Ottneil Baartman,2000000,BOWLER,,,Not Mentioned,Unsold
448,Basit Bashir,2000000,BOWLER,,,Not Mentioned,Unsold
449,Waseem Bashir,2000000,BOWLER,,,Not Mentioned,Unsold
450,Sachin Bhosale,2000000,BOWLER,,,Not Mentioned,Unsold
451,Devendra Singh Bora,2000000,BOWLER,,,Not Mentioned,Unsold
452,Gurnoor Singh Brar,2000000,BOWLER,,,PBKS,Unsold
453,Saurabh Dubey,2000000,BOWLER,,,Not Mentioned,Unsold
454,Mrinmoy Dutta,2000000,BOWLER,,,Not Mentioned,Unsold
455,Vishal Godara,2000000,BOWLER,,,Not Mentioned,Unsold
456,Money Grewal,2000000,BOWLER,,,Not Mentioned,Unsold
457,Arpit Guleria,2000000,BOWLER,,,LSG,Unsold
458,Mukhtar Hussain,2000000,BOWLER,,,Not Mentioned,Unsold
459,Shamar Joseph,2000000,BOWLER,,,Not Mentioned,Unsold
460,Mohammed Kaif,2000000,BOWLER,,,Not Mentioned,Unsold
461,Shubham Kapse,2000000,BOWLER,,,Not Mentioned,Unsold
462,Devang Karamta,2000000,BOWLER,,,Not Mentioned,Unsold
463,Kulwant Khejroliya,2000000,BOWLER,,,KKR,Unsold
464,Ravi Kumar,2000000,BOWLER,,,Not Mentioned,Unsold
465,Ashwani Kumar,2000000,BOWLER,,,Not Mentioned,Unsold
466,Raj Limbani,2000000,BOWLER,,,Not Mentioned,Unsold
467,Kwena Maphaka,2000000,BOWLER,,,Not Mentioned,Unsold
468,Lukman Hussain Meriwala,2000000,BOWLER,,,Not Mentioned,Unsold
469,Venkatesh Muralidhara,2000000,BOWLER,,,Not Mentioned,Unsold
470,William O'Rourke,2000000,BOWLER,,,Not Mentioned,Unsold
471,Rakshan Readdi,2000000,BOWLER,,,Not Mentioned,Unsold
472,Manish Reddy,2000000,BOWLER,,,Not Mentioned,Unsold
473,Monish Reddy,2000000,BOWLER,,,Not Mentioned,Unsold
474,Akhin Sathar,2000000,BOWLER,,,Not Mentioned,Unsold
475,Divesh Sharma,2000000,BOWLER,,,Not Mentioned,Unsold
476,Ashok Sharma,2000000,BOWLER,,,Not Mentioned,Unsold
477,Abhilash Shetty,2000000,BOWLER,,,Not Mentioned,Unsold
478,Rahul Shukla,2000000,BOWLER,,,Not Mentioned,Unsold
479,Manit Singh,2000000,BOWLER,,,Not Mentioned,Unsold
480,Gurjapneet Singh,2000000,BOWLER,,,Not Mentioned,Unsold
481,Basil Thampi,3000000,BOWLER,,,Not Mentioned,Unsold
482,Paul Van Meekeren,2000000,BOWLER,,,Not Mentioned,Unsold
483,Nitin Verma,2000000,BOWLER,,,Not Mentioned,Unsold
484,Chris Wood,2000000,BOWLER,,,Not Mentioned,Unsold
485,Gourav Yadav,2000000,BOWLER,,,Not Mentioned,Unsold
486,Lalit Yadav,3000000,BOWLER,,,Not Mentioned,Unsold
487,Prithvi Raj Yarra,2000000,BOWLER,,,Not Mentioned,Unsold
488,Mujtaba Yousuf,2000000,BOWLER,,,Not Mentioned,Unsold
489,Shubham Agrawal,2000000,BOWLER,,,Not Mentioned,Unsold
490,Mustaq Beg,2000000,BOWLER,,,Not Mentioned,Unsold
491,K.C Cariappa,2000000,BOWLER,,,RR,Unsold
492,Ganesh Chaudhary,2000000,BOWLER,,,Not Mentioned,Unsold
493,Yuvraj Chudasama,2000000,BOWLER,,,Not Mentioned,Unsold
494,Jasmer Dhankhar,2000000,BOWLER,,,Not Mentioned,Unsold
495,Chintal Gandhi,2000000,BOWLER,,,Not Mentioned,Unsold
496,Allah Ghazanfar,2000000,BOWLER,,,Not Mentioned,Unsold
497,Raghav Goyal,2000000,BOWLER,,,MI,Unsold
498,Shreyas Gurav,2000000,BOWLER,,,Not Mentioned,Unsold
499,Vishu Kashyap,2000000,BOWLER,,,Not Mentioned,Unsold
500,S Midhun,3000000,BOWLER,,,Not Mentioned,Unsold
501,Izharulhuq Naveed,3000000,BOWLER,,,Not Mentioned,Unsold
502,Bhuwan Rohilla,2000000,BOWLER,,,Not Mentioned,Unsold
503,Shivam Sharma,2000000,BOWLER,,,Not Mentioned,Unsold
504,Digvesh Singh,2000000,BOWLER,,,Not Mentioned,Unsold
505,Jagadeesha Suchith,2000000,BOWLER,,,Not Mentioned,Unsold
506,B. Surya,2000000,BOWLER,,,Not Mentioned,Unsold
507,Pankaj Yadav,2000000,BOWLER,,,Not Mentioned,Unsold
508,Rohit Sharma,Retained,UNKNOWN,,,Not Mentioned,Unsold
509,Dewald Brevis,Retained,UNKNOWN,,,Not Mentioned,Unsold
510,Suryakumar Yadav,Retained,UNKNOWN,,,Not Mentioned,Unsold
511,Ishan Kishan,Retained,UNKNOWN,,,Not Mentioned,Unsold
512,Tilak Varma,Retained,UNKNOWN,,,Not Mentioned,Unsold
513,Tim David,Retained,UNKNOWN,,,Not Mentioned,Unsold
514,Vishnu Vinod,Retained,UNKNOWN,,,Not Mentioned,Unsold
515,Arjun Tendulkar,Retained,UNKNOWN,,,Not Mentioned,Unsold
516,Shams Mulani,Retained,UNKNOWN,,,Not Mentioned,Unsold
517,Nehal Wadhera,Retained,UNKNOWN,,,Not Mentioned,Unsold
518,Jasprit Bumrah,Retained,UNKNOWN,,,Not Mentioned,Unsold
519,Kumar Kartikeya,Retained,UNKNOWN,,,Not Mentioned,Unsold
520,Piyush Chawla,Retained,UNKNOWN,,,Not Mentioned,Unsold
521,Akash Madhwal,Retained,UNKNOWN,,,Not Mentioned,Unsold
522,Jason Behrendorff,Retained,UNKNOWN,,,Not Mentioned,Unsold
523,Faf du Plessis,Retained,UNKNOWN,,,Not Mentioned,Unsold
524,Glenn Maxwell,Retained,UNKNOWN,,,Not Mentioned,Unsold
525,Virat Kohli,Retained,UNKNOWN,,,Not Mentioned,Unsold
526,Rajat Patidar,Retained,UNKNOWN,,,Not Mentioned,Unsold
527,Anuj Rawat,Retained,UNKNOWN,,,Not Mentioned,Unsold
528,Dinesh Karthik,Retained,UNKNOWN,,,Not Mentioned,Unsold
529,Suyash Prabhudessai,Retained,UNKNOWN,,,Not Mentioned,Unsold
530,Will Jacks,Retained,UNKNOWN,,,Not Mentioned,Unsold
531,Mahipal Lomror,Retained,UNKNOWN,,,Not Mentioned,Unsold
532,Karn Sharma,Retained,UNKNOWN,,,Not Mentioned,Unsold
533,Manoj Bhandage,Retained,UNKNOWN,,,Not Mentioned,Unsold
534,Vyshak Vijaykumar,Retained,UNKNOWN,,,Not Mentioned,Unsold
535,Akash Deep,Retained,UNKNOWN,,,Not Mentioned,Unsold
536,Mohammed Siraj,Retained,UNKNOWN,,,Not Mentioned,Unsold
537,Reece Topley,Retained,UNKNOWN,,,Not Mentioned,Unsold
538,Himanshu Sharma,Retained,UNKNOWN,,,Not Mentioned,Unsold
539,Rajan Kumar,Retained,UNKNOWN,,,Not Mentioned,Unsold
540,David Miller,Retained,UNKNOWN,,,Not Mentioned,Unsold
541,Shubman Gill,Retained,UNKNOWN,,,Not Mentioned,Unsold
542,Matthew Wade,Retained,UNKNOWN,,,Not Mentioned,Unsold
543,Wriddhiman Saha,Retained,UNKNOWN,,,Not Mentioned,Unsold
544,Kane Williamson,Retained,UNKNOWN,,,Not Mentioned,Unsold
545,Abhinav Manohar,Retained,UNKNOWN,,,Not Mentioned,Unsold
546,B. Sai Sudharsan,Retained,UNKNOWN,,,Not Mentioned,Unsold
547,Darshan Nalkande,Retained,UNKNOWN,,,Not Mentioned,Unsold
548,Vijay Shankar,Retained,UNKNOWN,,,Not Mentioned,Unsold
549,Jayant Yadav,Retained,UNKNOWN,,,Not Mentioned,Unsold
550,Rahul Tewatia,Retained,UNKNOWN,,,Not Mentioned,Unsold
551,Mohammed Shami,Retained,UNKNOWN,,,Not Mentioned,Unsold
552,Noor Ahmad,Retained,UNKNOWN,,,Not Mentioned,Unsold
553,R. Sai Kishore,Retained,UNKNOWN,,,Not Mentioned,Unsold
554,Rashid Khan,Retained,UNKNOWN,,,Not Mentioned,Unsold
555,Joshua Little,Retained,UNKNOWN,,,Not Mentioned,Unsold
556,Mohit Sharma,Retained,UNKNOWN,,,Not Mentioned,Unsold
557,KL Rahul,Retained,UNKNOWN,,,Not Mentioned,Unsold
558,Quinton de Kock,Retained,UNKNOWN,,,Not Mentioned,Unsold
559,Nicholas Pooran,Retained,UNKNOWN,,,Not Mentioned,Unsold
560,Ayush Badoni,Retained,UNKNOWN,,,Not Mentioned,Unsold
561,Kyle Mayers,Retained,UNKNOWN,,,Not Mentioned,Unsold
562,Marcus Stoinis,Retained,UNKNOWN,,,Not Mentioned,Unsold
563,Deepak Hooda,Retained,UNKNOWN,,,Not Mentioned,Unsold
564,Ravi Bishnoi,Retained,UNKNOWN,,,Not Mentioned,Unsold
565,Naveen-ul-Haq,Retained,UNKNOWN,,,Not Mentioned,Unsold
566,Krunal Pandya,Retained,UNKNOWN,,,Not Mentioned,Unsold
567,Yudhvir Singh,Retained,UNKNOWN,,,Not Mentioned,Unsold
568,Prerak Mankad,Retained,UNKNOWN,,,Not Mentioned,Unsold
569,Yash Thakur,Retained,UNKNOWN,,,Not Mentioned,Unsold
570,Amit Mishra,Retained,UNKNOWN,,,Not Mentioned,Unsold
571,Mark Wood,Retained,UNKNOWN,,,Not Mentioned,Unsold
572,Mayank Yadav,Retained,UNKNOWN,,,Not Mentioned,Unsold
573,Mohsin Khan,Retained,UNKNOWN,,,Not Mentioned,Unsold
574,Abdul Samad,Retained,UNKNOWN,,,Not Mentioned,Unsold
575,Aiden Markram,Retained,UNKNOWN,,,Not Mentioned,Unsold
576,Rahul Tripathi,Retained,UNKNOWN,,,Not Mentioned,Unsold
577,Glenn Phillips,Retained,UNKNOWN,,,Not Mentioned,Unsold
578,Heinrich Klaasen,Retained,UNKNOWN,,,Not Mentioned,Unsold
579,Mayank Agarwal,Retained,UNKNOWN,,,Not Mentioned,Unsold
580,Anmolpreet Singh,Retained,UNKNOWN,,,Not Mentioned,Unsold
581,Upendra Singh Yadav,Retained,UNKNOWN,,,Not Mentioned,Unsold
582,Nitish Kumar Reddy,Retained,UNKNOWN,,,Not Mentioned,Unsold
583,Abhishek Sharma,Retained,UNKNOWN,,,Not Mentioned,Unsold
584,Marco Jansen,Retained,UNKNOWN,,,Not Mentioned,Unsold
585,Washington Sundar,Retained,UNKNOWN,,,Not Mentioned,Unsold
586,Sanvir Singh,Retained,UNKNOWN,,,Not Mentioned,Unsold
587,Bhuvneshwar Kumar,Retained,UNKNOWN,,,Not Mentioned,Unsold
588,T Natarajan,Retained,UNKNOWN,,,Not Mentioned,Unsold
589,Mayank Markande,Retained,UNKNOWN,,,Not Mentioned,Unsold
590,Umran Malik,Retained,UNKNOWN,,,Not Mentioned,Unsold
591,Fazalhaq Farooqi,Retained,UNKNOWN,,,Not Mentioned,Unsold
592,Nitish Rana,Retained,UNKNOWN,,,Not Mentioned,Unsold
593,Rinku Singh,Retained,UNKNOWN,,,Not Mentioned,Unsold
594,Rahmanullah Gurbaz,Retained,UNKNOWN,,,Not Mentioned,Unsold
595,Shreyas Iyer,Retained,UNKNOWN,,,Not Mentioned,Unsold
596,Jason Roy,Retained,UNKNOWN,,,Not Mentioned,Unsold
597,Sunil Narine,Retained,UNKNOWN,,,Not Mentioned,Unsold
598,Suyash Sharma,Retained,UNKNOWN,,,Not Mentioned,Unsold
599,Anukul Roy,Retained,UNKNOWN,,,Not Mentioned,Unsold
600,Andre Russell,Retained,UNKNOWN,,,Not Mentioned,Unsold
601,Venkatesh Iyer,Retained,UNKNOWN,,,Not Mentioned,Unsold
602,Harshit Rana,Retained,UNKNOWN,,,Not Mentioned,Unsold
603,Vaibhav Arora,Retained,UNKNOWN,,,Not Mentioned,Unsold
604,Varun Chakaravarthy,Retained,UNKNOWN,,,Not Mentioned,Unsold
605,Shikhar Dhawan,Retained,UNKNOWN,,,Not Mentioned,Unsold
606,Liam Livingstone,Retained,UNKNOWN,,,Not Mentioned,Unsold
607,Jonny Bairstow,Retained,UNKNOWN,,,Not Mentioned,Unsold
608,Gurnoor Singh Brar,Retained,UNKNOWN,,,Not Mentioned,Unsold
609,Jitesh Sharma,Retained,UNKNOWN,,,Not Mentioned,Unsold
610,Shivam Singh,Retained,UNKNOWN,,,Not Mentioned,Unsold
611,Rahul Chahar,Retained,UNKNOWN,,,Not Mentioned,Unsold
612,Prabhsimran Singh,Retained,UNKNOWN,,,Not Mentioned,Unsold
613,Matthew Short,Retained,UNKNOWN,,,Not Mentioned,Unsold
614,Arshdeep Singh,Retained,UNKNOWN,,,Not Mentioned,Unsold
615,Harpreet Bhatia,Retained,UNKNOWN,,,Not Mentioned,Unsold
616,Harpreet Brar,Retained,UNKNOWN,,,Not Mentioned,Unsold
617,Atharva Taide,Retained,UNKNOWN,,,Not Mentioned,Unsold
618,Vidwath Kaverappa,Retained,UNKNOWN,,,Not Mentioned,Unsold
619,Rishi Dhawan,Retained,UNKNOWN,,,Not Mentioned,Unsold
620,Kagiso Rabada,Retained,UNKNOWN,,,Not Mentioned,Unsold
621,Sam Curran,Retained,UNKNOWN,,,Not Mentioned,Unsold
622,Nathan Ellis,Retained,UNKNOWN,,,Not Mentioned,Unsold
623,Sikandar Raza,Retained,UNKNOWN,,,Not Mentioned,Unsold
624,Sanju Samson,Retained,UNKNOWN,,,Not Mentioned,Unsold
625,Jos Buttler,Retained,UNKNOWN,,,Not Mentioned,Unsold
626,Shimron Hetmyer,Retained,UNKNOWN,,,Not Mentioned,Unsold
627,Yashasvi Jaiswal,Retained,UNKNOWN,,,Not Mentioned,Unsold
628,Dhruv Jurel,Retained,UNKNOWN,,,Not Mentioned,Unsold
629,Riyan Parag,Retained,UNKNOWN,,,Not Mentioned,Unsold
630,Donovan Ferreira,Retained,UNKNOWN,,,Not Mentioned,Unsold
631,Kunal Rathore,Retained,UNKNOWN,,,Not Mentioned,Unsold
632,Ravichandran Ashwin,Retained,UNKNOWN,,,Not Mentioned,Unsold
633,Kuldeep Sen,Retained,UNKNOWN,,,Not Mentioned,Unsold
634,Navdeep Saini,Retained,UNKNOWN,,,Not Mentioned,Unsold
635,Prasidh Krishna,Retained,UNKNOWN,,,Not Mentioned,Unsold
636,Sandeep Sharma,Retained,UNKNOWN,,,Not Mentioned,Unsold
637,Trent Boult,Retained,UNKNOWN,,,Not Mentioned,Unsold
638,Yuzvendra Chahal,Retained,UNKNOWN,,,Not Mentioned,Unsold
639,Adam Zampa,Retained,UNKNOWN,,,Not Mentioned,Unsold
640,Rishabh Pant,Retained,UNKNOWN,,,Not Mentioned,Unsold
641,Pravin Dubey,Retained,UNKNOWN,,,Not Mentioned,Unsold
642,David Warner,Retained,UNKNOWN,,,Not Mentioned,Unsold
643,Vicky Ostwal,Retained,UNKNOWN,,,Not Mentioned,Unsold
644,Prithvi Shaw,Retained,UNKNOWN,,,Not Mentioned,Unsold
645,Anrich Nortje,Retained,UNKNOWN,,,Not Mentioned,Unsold
646,Abishek Porel,Retained,UNKNOWN,,,Not Mentioned,Unsold
647,Kuldeep Yadav,Retained,UNKNOWN,,,Not Mentioned,Unsold
648,Axar Patel,Retained,UNKNOWN,,,Not Mentioned,Unsold
649,Lungi Ngidi,Retained,UNKNOWN,,,Not Mentioned,Unsold
650,Lalit Yadav,Retained,UNKNOWN,,,Not Mentioned,Unsold
651,Khaleel Ahmed,Retained,UNKNOWN,,,Not Mentioned,Unsold
652,Mitchell Marsh,Retained,UNKNOWN,,,Not Mentioned,Unsold
653,Ishant Sharma,Retained,UNKNOWN,,,Not Mentioned,Unsold
654,Yash Dhull,Retained,UNKNOWN,,,Not Mentioned,Unsold
655,Mukesh Kumar,Retained,UNKNOWN,,,Not Mentioned,Unsold
656,MS Dhoni,Retained,UNKNOWN,,,Not Mentioned,Unsold
657,Moeen Ali,Retained,UNKNOWN,,,Not Mentioned,Unsold
658,Deepak Chahar,Retained,UNKNOWN,,,Not Mentioned,Unsold
659,Devon Conway,Retained,UNKNOWN,,,Not Mentioned,Unsold
660,Tushar Deshpande,Retained,UNKNOWN,,,Not Mentioned,Unsold
661,Shivam Dube,Retained,UNKNOWN,,,Not Mentioned,Unsold
662,Ruturaj Gaikwad,Retained,UNKNOWN,,,Not Mentioned,Unsold
663,Rajvardhan Hangargekar,Retained,UNKNOWN,,,Not Mentioned,Unsold
664,Ravindra Jadeja,Retained,UNKNOWN,,,Not Mentioned,Unsold
665,Ajay Mandal,Retained,UNKNOWN,,,Not Mentioned,Unsold
666,Mukesh Choudhary,Retained,UNKNOWN,,,Not Mentioned,Unsold
667,Matheesha Pathirana,Retained,UNKNOWN,,,Not Mentioned,Unsold
668,Ajinkya Rahane,Retained,UNKNOWN,,,Not Mentioned,Unsold
669,Shaik Rasheed,Retained,UNKNOWN,,,Not Mentioned,Unsold
670,Mitchell Santner,Retained,UNKNOWN,,,Not Mentioned,Unsold
671,Simarjeet Singh,Retained,UNKNOWN,,,Not Mentioned,Unsold
672,Nishant Sindhu,Retained,UNKNOWN,,,Not Mentioned,Unsold
673,Prashant Solanki,Retained,UNKNOWN,,,Not Mentioned,Unsold
674,Maheesh Theekshana,Retained,UNKNOWN,,,Not Mentioned,Unsold
